{
    "cnt_site": 10,
    "cnt_bond": 9,
    "cnt_excitation": 1,
    "bonds": [
        [0, 1],
        [1, 2],
        [2, 3],
        [3, 4],
        [4, 5],
        [5, 6],
        [6, 7],
        [7, 8],
        [8, 9]
    ],
    "coupling_strength": [1.501856, 2.005700, 2.299876, 2.454084, 2.493064, 2.434684, 2.281505, 1.998179, 1.500704],
    "total_time": 3.141592653589793,
    "time_steps": 20,
    "initial_state": [0],
    "target_state": [9]
}
