{
    "cnt_site": 10,
    "cnt_bond": 9,
    "cnt_excitation": 1,
    "bonds": [
        [0, 1],
        [1, 2],
        [2, 3],
        [3, 4],
        [4, 5],
        [5, 6],
        [6, 7],
        [7, 8],
        [8, 9]
    ],
    "coupling_strength": [2.0616115283228593, 2.8750442136722083, 3.119198551692084, 1.6770883074249485, 1.9278355389145374, 2.0068636102994706, 4.113151450352713, 4.2285527899557955, 1.8195516023217764],
    "total_time": 3.14159,
    "time_steps": 20,
    "initial_state": [0],
    "target_state": [9]
}
