{
    "cnt_site": 10,
    "cnt_bond": 9,
    "cnt_excitation": 1,
    "bonds": [
        [0, 1],
        [1, 2],
        [2, 3],
        [3, 4],
        [4, 5],
        [5, 6],
        [6, 7],
        [7, 8],
        [8, 9]
    ],
    "coupling_strength": [1.1952265330e+00, 2.6592057104e+00, 4.1833204287e+00, 2.6457745389e+00, 2.6457606918e+00, 4.1833140714e+00, 2.6592159366e+00, 1.1952288035e+00, -6.7897263151e-06],
    "total_time": 3.14159,
    "time_steps": 20,
    "initial_state": [0],
    "target_state": [8]
}
