{
    "cnt_site": 10,
    "cnt_bond": 9,
    "cnt_excitation": 2,
    "bonds": [
        [0, 1],
        [1, 2],
        [2, 3],
        [3, 4],
        [4, 5],
        [5, 6],
        [6, 7],
        [7, 8],
        [8, 9]
    ],
    "coupling_strength": [1.2467381064e+00, 2.1669680813e+00, 4.1533420399e+00, 3.7416264996e+00, 2.4999915506e+00, 3.7416699943e+00, 4.1533021000e+00, 2.1669377815e+00, 1.2467352906e+00],
    "total_time": 3.14159,
    "time_steps": 20,
    "initial_state": [0, 1],
    "target_state": [8, 9]
}
