{
    "cnt_site": 10,
    "cnt_bond": 9,
    "cnt_excitation": 2,
    "bonds": [
        [0, 1],
        [1, 2],
        [2, 3],
        [3, 4],
        [4, 5],
        [5, 6],
        [6, 7],
        [7, 8],
        [8, 9]
    ],
    "coupling_strength": [1.500396, 2.001095, 2.291507, 2.447144, 2.494118, 2.447419, 2.291706, 2.001249, 1.500402],
    "total_time": 3.141592653589793,
    "time_steps": 20,
    "initial_state": [0, 1],
    "target_state": [8, 9],
    "cnt_stream": 8,
    "process_per_stream": 1,
    "total_iteration": 10000,
    "rng_seed": 3141592653
}
