{
    "cnt_site": 20,
    "cnt_bond": 19,
    "cnt_excitation": 2,
    "bonds": [
        [0, 1],
        [1, 2],
        [2, 3],
        [3, 4],
        [4, 5],
        [5, 6],
        [6, 7],
        [7, 8],
        [8, 9],
        [9, 10],
        [10, 11],
        [11, 12],
        [12, 13],
        [13, 14],
        [14, 15],
        [15, 16],
        [16, 17],
        [17, 18],
        [18, 19]
    ],
    "coupling_strength": [1.9836436136e+00, 2.7028674560e+00, 3.1805532666e+00, 3.5228189505e+00, 3.8431086313e+00, 4.9025705598e+00, 8.9175943440e+00, 1.0168241879e+01, 5.8536420446e+00, 4.2228897291e+00, 4.0031159750e+00, 4.1136213347e+00, 8.3137330709e+00, 1.9658241788e+01, 1.0255696636e+01, 3.8697162319e+00, 3.1880358539e+00, 2.7029767886e+00, 1.9836438410e+00],
    "total_time": 3.141592653589793,
    "time_steps": 20,
    "initial_state": [0, 1],
    "target_state": [18, 19]
}
