{
    "cnt_site": 20,
    "cnt_bond": 19,
    "cnt_excitation": 1,
    "bonds": [
        [0, 1],
        [1, 2],
        [2, 3],
        [3, 4],
        [4, 5],
        [5, 6],
        [6, 7],
        [7, 8],
        [8, 9],
        [9, 10],
        [10, 11],
        [11, 12],
        [12, 13],
        [13, 14],
        [14, 15],
        [15, 16],
        [16, 17],
        [17, 18],
        [18, 19]
    ],
    "coupling_strength": [5.422066374873667, 1.0490205565303343, 6.5096751946780635, 2.2409352367453126, 3.0186292709954645, 4.328712631697098, 6.295079999431286, 5.016429772139565, 3.517045204861213, 5.496894030653587, 2.584401523304055, 6.237881408950419, 1.852595957404053, 4.63917194723907, 6.676930158640604, 6.774323196016866, 1.4792573107339284, 1.9619417420956333, 3.95054819341238],
    "total_time": 3.14159,
    "time_steps": 20,
    "initial_state": [0],
    "target_state": [18]
}
