{
    "cnt_site": 20,
    "cnt_bond": 19,
    "cnt_excitation": 1,
    "bonds": [
        [0, 1],
        [1, 2],
        [2, 3],
        [3, 4],
        [4, 5],
        [5, 6],
        [6, 7],
        [7, 8],
        [8, 9],
        [9, 10],
        [10, 11],
        [11, 12],
        [12, 13],
        [13, 14],
        [14, 15],
        [15, 16],
        [16, 17],
        [17, 18],
        [18, 19]
    ],
    "coupling_strength": [1.726379, 2.363309, 4.972067, 16.827872, 10.776098, 3.551665, 4.465741, 7.677269, 6.579339, 3.749435, 3.238049, 6.489468, 14.876860, 7.636736, 3.478388, 17.374006, 26.120300, 4.172070, 1.735953],
    "total_time": 3.141592653589793,
    "time_steps": 20,
    "initial_state": [0],
    "target_state": [19]
}
