{
    "cnt_site": 20,
    "cnt_bond": 19,
    "cnt_excitation": 1,
    "bonds": [
        [0, 1],
        [1, 2],
        [2, 3],
        [3, 4],
        [4, 5],
        [5, 6],
        [6, 7],
        [7, 8],
        [8, 9],
        [9, 10],
        [10, 11],
        [11, 12],
        [12, 13],
        [13, 14],
        [14, 15],
        [15, 16],
        [16, 17],
        [17, 18],
        [18, 19]
    ],
    "coupling_strength": [3.538573, 2.716434, 4.228239, 3.533962, 4.671060, 4.379025, 6.186690, 6.431204, 6.418177, 4.658049, 4.689433, 4.032327, 6.797459, 16.438251, 13.078610, 4.340557, 3.622583, 2.673043, 2.319292],
    "total_time": 3.14159,
    "time_steps": 20,
    "initial_state": [0],
    "target_state": [18]
}
