{
    "cnt_site": 20,
    "cnt_bond": 19,
    "cnt_excitation": 4,
    "bonds": [
        [0, 1],
        [1, 2],
        [2, 3],
        [3, 4],
        [4, 5],
        [5, 6],
        [6, 7],
        [7, 8],
        [8, 9],
        [9, 10],
        [10, 11],
        [11, 12],
        [12, 13],
        [13, 14],
        [14, 15],
        [15, 16],
        [16, 17],
        [17, 18],
        [18, 19]
    ],
    "coupling_strength": [2.1794516091e+00, 3.0000030570e+00, 3.5707186660e+00, 4.0000067751e+00, 4.3301382633e+00, 4.5825940369e+00, 4.7697239657e+00, 4.8990120896e+00, 4.9749636355e+00, 5.0000031328e+00, 4.9749209701e+00, 4.8989481219e+00, 4.7696634188e+00, 4.5825604551e+00, 4.3301240723e+00, 4.0000029491e+00, 3.5707180195e+00, 3.0000030180e+00, 2.1794514167e+00],
    "total_time": 3.14159,
    "time_steps": 20,
    "initial_state": [0, 1, 2, 3],
    "target_state": [16, 17, 18, 19]
}
