{
    "cnt_site": 8,
    "cnt_bond": 7,
    "cnt_excitation": 4,
    "bonds": [
        [0, 1],
        [1, 2],
        [2, 3],
        [3, 4],
        [4, 5],
        [5, 6],
        [6, 7]
    ],
    "coupling_strength": [1.3228764950e+00, 1.7320517205e+00, 1.9364986758e+00, 1.9999964091e+00, 1.9364935797e+00, 1.7320538816e+00, 1.3228777273e+00],
    "total_time": 3.14159,
    "time_steps": 20,
    "initial_state": [0,1,2,3],
    "target_state": [4,5,6,7]
}
