{
    "cnt_site": 8,
    "cnt_bond": 7,
    "cnt_excitation": 4,
    "bonds": [
        [0, 1],
        [1, 2],
        [2, 3],
        [3, 4],
        [4, 5],
        [5, 6],
        [6, 7]
    ],
    "coupling_strength": [1.253584, 3.334837, 3.434856, 2.000040, 3.420797, 3.349849, 1.259971],
    "total_time": 3.141592653589793,
    "time_steps": 20,
    "initial_state": [0,1,2,3],
    "target_state": [4,5,6,7]
}
