{
    "cnt_site": 8,
    "cnt_bond": 7,
    "cnt_excitation": 4,
    "bonds": [
        [0, 1],
        [1, 2],
        [2, 3],
        [3, 4],
        [4, 5],
        [5, 6],
        [6, 7]
    ],
    "coupling_strength": [1.1171773114905943, 1.8586401441004634, 3.523153526895037, 0.7273609530826936, 0.968493745827885, 1.499780580432601, 1.2929515692538958],
    "total_time": 3.14159,
    "time_steps": 20,
    "initial_state": [0,1,2,3],
    "target_state": [4,5,6,7]
}
