{
    "cnt_site": 20,
    "cnt_bond": 19,
    "cnt_excitation": 1,
    "bonds": [
        [0, 1],
        [1, 2],
        [2, 3],
        [3, 4],
        [4, 5],
        [5, 6],
        [6, 7],
        [7, 8],
        [8, 9],
        [9, 10],
        [10, 11],
        [11, 12],
        [12, 13],
        [13, 14],
        [14, 15],
        [15, 16],
        [16, 17],
        [17, 18],
        [18, 19]
    ],
    "coupling_strength": [1.863373, 2.519554, 2.944805, 3.370161, 5.696123, 12.570846, 10.224513, 8.809858, 14.627691, 8.535276, 4.521740, 8.316395, 12.862103, 6.550558, 3.628384, 3.227717, 2.938740, 2.519371, 1.863452],
    "total_time": 3.14159,
    "time_steps": 20,
    "initial_state": [0],
    "target_state": [18]
}
