{
    "cnt_site": 100,
    "cnt_bond": 180,
    "cnt_excitation": 2,
    "bonds": [[0, 1], [1, 2], [2, 3], [3, 4], [4, 5], [5, 6], [6, 7], [7, 8], [8, 9], [10, 11], [11, 12], [12, 13], [13, 14], [14, 15], [15, 16], [16, 17], [17, 18], [18, 19], [20, 21], [21, 22], [22, 23], [23, 24], [24, 25], [25, 26], [26, 27], [27, 28], [28, 29], [30, 31], [31, 32], [32, 33], [33, 34], [34, 35], [35, 36], [36, 37], [37, 38], [38, 39], [40, 41], [41, 42], [42, 43], [43, 44], [44, 45], [45, 46], [46, 47], [47, 48], [48, 49], [50, 51], [51, 52], [52, 53], [53, 54], [54, 55], [55, 56], [56, 57], [57, 58], [58, 59], [60, 61], [61, 62], [62, 63], [63, 64], [64, 65], [65, 66], [66, 67], [67, 68], [68, 69], [70, 71], [71, 72], [72, 73], [73, 74], [74, 75], [75, 76], [76, 77], [77, 78], [78, 79], [80, 81], [81, 82], [82, 83], [83, 84], [84, 85], [85, 86], [86, 87], [87, 88], [88, 89], [90, 91], [91, 92], [92, 93], [93, 94], [94, 95], [95, 96], [96, 97], [97, 98], [98, 99], [0, 10], [1, 11], [2, 12], [3, 13], [4, 14], [5, 15], [6, 16], [7, 17], [8, 18], [9, 19], [10, 20], [11, 21], [12, 22], [13, 23], [14, 24], [15, 25], [16, 26], [17, 27], [18, 28], [19, 29], [20, 30], [21, 31], [22, 32], [23, 33], [24, 34], [25, 35], [26, 36], [27, 37], [28, 38], [29, 39], [30, 40], [31, 41], [32, 42], [33, 43], [34, 44], [35, 45], [36, 46], [37, 47], [38, 48], [39, 49], [40, 50], [41, 51], [42, 52], [43, 53], [44, 54], [45, 55], [46, 56], [47, 57], [48, 58], [49, 59], [50, 60], [51, 61], [52, 62], [53, 63], [54, 64], [55, 65], [56, 66], [57, 67], [58, 68], [59, 69], [60, 70], [61, 71], [62, 72], [63, 73], [64, 74], [65, 75], [66, 76], [67, 77], [68, 78], [69, 79], [70, 80], [71, 81], [72, 82], [73, 83], [74, 84], [75, 85], [76, 86], [77, 87], [78, 88], [79, 89], [80, 90], [81, 91], [82, 92], [83, 93], [84, 94], [85, 95], [86, 96], [87, 97], [88, 98], [89, 99]],
    "coupling_strength": [3.0433485069104504, 3.194003132204529, 2.681655875685521, 1.5135699872545427, 2.5763755308359277, 2.6892802709474815, 2.106519932778858, 1.0272468702294395, 1.2614941876396115, 3.116838180546308, 3.0680512681451866, 2.1844728683915156, 1.5044253263850877, 0.9244031264137127, 0.15432366765046734, 2.215041068537718, 1.9647135008929422, 2.464639576890308, 3.628961484049083, 2.6244235067312984, 2.0264504419006886, 3.0252972527403412, 0.4325365431967274, 1.7416004932492872, 0.25850934437391104, 1.304465430643214, 1.7646685989033082, 1.3875221039419454, 2.206782693515579, 2.0408617103810904, 0.8875917396606425, 0.8536030926649949, 2.0250407352456703, 3.0658273446100814, -0.13296894132590165, 2.1046541266184864, 3.027731954944446, 2.3416836940676227, 1.3163669730040728, 2.929101783250127, 1.4360660332806254, 1.4808730505283614, 2.215664750402411, 2.0063593672995266, 4.97442982246573, 1.4880289518726655, 2.2424571507230913, 2.2279670875222655, 2.2874173923108083, 0.5434016816370799, 1.5293179078742245, 2.7152389451983545, 2.955080601055617, 1.0550356521986224, 1.0155682557013526, 0.5339666806344117, 2.6818624701310902, 0.9669034842004647, 2.412483285118967, 2.4393230859125157, 3.2788417569328017, 0.5618199856301938, 1.6987618503056712, 2.547208678326978, 3.659806419258098, 2.1894710021611234, 1.5469384048624064, 1.2833745501236444, 0.3578881590132321, 1.022613130069277, 0.42850833084224194, 1.1657233207495752, 1.2478607662470234, 1.1481935551749882, 1.5429538939041894, 3.4789535516206795, 1.4088870524286685, 4.519558224056011, 1.0801014400186213, 2.4405945629974783, 1.0735997610804215, 0.649167609810628, 1.204141689851007, -0.058786448121713075, 1.1187368153510624, 1.0154592716586437, 0.6966861847225574, 1.3737573232999696, 3.3482037383219163, -0.11306556745873131, 1.423372865521538, 0.37451683318679296, 0.23440734266822028, 2.864642326202423, 2.785882170134655, 0.6992258730189627, 3.0386611376461654, 1.8476518362362317, 2.5371243918082937, 2.476182982427159, 2.0630694558884417, 2.479037407670754, 1.4541550790812328, 2.048721938737132, 4.491090623964271, 1.0220257266828021, 0.9689320657647105, 1.9581085258110436, 2.3688097488442277, -0.3025821789950891, 2.230874212771648, 2.9421163239294534, 5.103031392976717, 0.5167950106585437, 2.3839210255051766, 0.8611506220935039, 2.8457985497578133, 2.7643758611245266, 2.8949932321459486, 0.8003430515736771, 3.039565717092403, 1.505240902746527, 0.655127716796688, 2.620659952112177, 0.4655320436614925, 3.833938385118239, 0.7727550378516106, 3.4542388286424686, 2.4914689492509408, 1.4411417795779968, 2.457137093057325, 1.5564603687324785, 2.610625529665244, 0.7590117617028842, 2.704650803364127, 2.4129637262685626, 2.015422976600157, 2.602207604213118, -0.41366471299927676, 0.8193473334137653, 2.1024426946377006, 1.2732684143001922, 1.067603781642119, 2.7144429488191575, 2.601119455059178, 1.1695971812936081, 1.7408017907501026, 3.3711065650611074, 2.626614574437359, 2.648567871102067, 2.953246517372879, 1.716824516744401, 1.913655401504714, 1.200273915275792, 3.409505472812167, 3.0054708411836377, 3.4585601987366914, 2.309473572388951, 1.042809080102721, 1.4048850849502221, 4.341524257496397, 3.0443905007752567, 2.818335848633623, 1.913708380322283, 2.251253639856263, 0.6231225518798555, 3.9194722645083635, 2.6535802087245663, 0.5750305911998181, 2.7087753762009252, 1.680819164079788, 2.508801279143265, 1.8858151772831677, 2.9822877319496883, 3.3945568085382463, 2.877556644656203, 2.1119532565082895, 1.2571090497984452, 0.1704744033007899, 3.0177235431710416],
    "total_time": 3.14159,
    "time_steps": 20,
    "initial_state": [0, 1],
    "target_state": [98, 99]
}
