{
    "cnt_site": 100,
    "cnt_bond": 180,
    "cnt_excitation": 2,
    "bonds": [[0, 1], [1, 2], [2, 3], [3, 4], [4, 5], [5, 6], [6, 7], [7, 8], [8, 9], [10, 11], [11, 12], [12, 13], [13, 14], [14, 15], [15, 16], [16, 17], [17, 18], [18, 19], [20, 21], [21, 22], [22, 23], [23, 24], [24, 25], [25, 26], [26, 27], [27, 28], [28, 29], [30, 31], [31, 32], [32, 33], [33, 34], [34, 35], [35, 36], [36, 37], [37, 38], [38, 39], [40, 41], [41, 42], [42, 43], [43, 44], [44, 45], [45, 46], [46, 47], [47, 48], [48, 49], [50, 51], [51, 52], [52, 53], [53, 54], [54, 55], [55, 56], [56, 57], [57, 58], [58, 59], [60, 61], [61, 62], [62, 63], [63, 64], [64, 65], [65, 66], [66, 67], [67, 68], [68, 69], [70, 71], [71, 72], [72, 73], [73, 74], [74, 75], [75, 76], [76, 77], [77, 78], [78, 79], [80, 81], [81, 82], [82, 83], [83, 84], [84, 85], [85, 86], [86, 87], [87, 88], [88, 89], [90, 91], [91, 92], [92, 93], [93, 94], [94, 95], [95, 96], [96, 97], [97, 98], [98, 99], [0, 10], [1, 11], [2, 12], [3, 13], [4, 14], [5, 15], [6, 16], [7, 17], [8, 18], [9, 19], [10, 20], [11, 21], [12, 22], [13, 23], [14, 24], [15, 25], [16, 26], [17, 27], [18, 28], [19, 29], [20, 30], [21, 31], [22, 32], [23, 33], [24, 34], [25, 35], [26, 36], [27, 37], [28, 38], [29, 39], [30, 40], [31, 41], [32, 42], [33, 43], [34, 44], [35, 45], [36, 46], [37, 47], [38, 48], [39, 49], [40, 50], [41, 51], [42, 52], [43, 53], [44, 54], [45, 55], [46, 56], [47, 57], [48, 58], [49, 59], [50, 60], [51, 61], [52, 62], [53, 63], [54, 64], [55, 65], [56, 66], [57, 67], [58, 68], [59, 69], [60, 70], [61, 71], [62, 72], [63, 73], [64, 74], [65, 75], [66, 76], [67, 77], [68, 78], [69, 79], [70, 80], [71, 81], [72, 82], [73, 83], [74, 84], [75, 85], [76, 86], [77, 87], [78, 88], [79, 89], [80, 90], [81, 91], [82, 92], [83, 93], [84, 94], [85, 95], [86, 96], [87, 97], [88, 98], [89, 99]],
    "coupling_strength": [-2.5022664361e-05, 1.9051547465e+00, 2.5737172173e+00, 2.9741649199e+00, 3.4152724524e+00, 3.8639868561e+00, 1.5500259270e+00, -5.8865325087e-01, 5.2428942644e+00, 1.1506336855e+00, 2.8102107910e+00, -1.1121463418e-04, 2.6115366762e+00, 1.1767824416e+00, 2.3191593661e+00, 5.4614663667e+00, 2.4419859923e+00, 1.6016871371e+00, 1.0644997981e+00, 1.6014002306e+00, -5.4941335251e-06, 2.1976276827e+00, 2.0923743291e+00, 2.0782077280e+00, 1.9292479440e+00, 2.1046105669e+00, 5.1576467456e-01, 9.9126352621e-01, 2.8296970654e+00, 4.7802542446e+00, 6.0854781798e-06, 2.2911467879e+00, 9.7127404577e-01, 1.1196837918e+00, 3.4681809189e+00, 2.6012506292e+00, 5.9997697303e+00, 8.0317908314e+00, 2.6724978307e+00, 3.0904714027e+00, 4.0596116037e-06, 1.9992338003e+00, 1.0522120673e+00, 3.1904314185e+00, 4.2913594598e+00, 3.7873516501e+00, 2.0886544216e+00, 2.7351462950e+00, 1.3591791050e+00, -8.4234624776e-06, 2.2511455324e+00, 5.5197638046e+00, 4.6614327654e+00, 1.7893183793e+00, 2.5055857977e+00, 7.9105143666e-01, 2.0016746740e+00, 1.4541016934e+00, 2.9735780457e+00, 7.5347489297e+00, 5.1686091066e+00, 8.1463846334e-05, 4.8908966740e-01, 3.7158206094e+00, 3.0391496960e+00, 1.5151362934e+00, 1.9258242918e+00, 7.7944292656e-01, 5.2539396651e-01, 1.8139016297e+00, 5.8538658416e-05, 3.1462197876e-01, 4.7769961214e+00, 2.4644566323e+00, 2.7963111857e+00, 3.2984542720e+00, 2.6148329499e+00, 4.2946107327e+00, 1.7205386868e+00, 1.0710482357e+00, -1.4853182929e-04, -6.6527290289e-01, 1.1989751761e+00, 8.5251969614e-01, 7.7111715560e-01, 1.9906667208e+00, -1.0602570533e+00, 2.5025204273e+00, 2.6116075827e+00, 1.7093722115e-03, 2.6242959848e+00, 1.0852418014e-03, 1.5145625197e-04, 4.9719408186e-01, 2.7544541920e-01, 1.9362188631e+00, 5.2650949689e+00, 1.6011172634e+00, 1.2824036616e+00, 5.7520560076e+00, 2.7916947081e+00, 2.2126682645e+00, 3.8404382361e+00, 1.3031922230e+00, 2.6712490746e+00, 2.9361112389e+00, 2.4716222777e+00, 3.8361515103e+00, 3.4045438142e+00, -2.2149422541e+00, 3.1335878209e+00, 3.2399203255e+00, 8.2503292756e+00, -2.4285933700e-06, 3.7885961226e+00, 3.5172102414e+00, 2.1634507045e+00, 3.7206506956e+00, 5.2116486662e+00, 1.2415053196e+00, 4.0686627313e+00, 3.7976681015e+00, 4.2112330548e+00, 3.6007886081e+00, 5.1930468217e-06, 3.4837641568e+00, 1.4168598672e+00, 3.8175523866e+00, 6.2732585864e+00, 1.7805615059e+00, 2.2018519176e+00, 2.7067948080e+00, 4.6803724806e+00, 1.6201391269e+00, 3.5592201835e+00, 1.9095032618e+00, 2.2365062378e+00, 3.9109881581e+00, 2.3297917871e+00, 3.2917695711e+00, 2.8240183098e+00, 2.9100674955e+00, 2.8048949697e+00, 3.0037363814e+00, 3.3927438214e+00, -2.0600862616e-04, -3.5212496876e-05, -7.4064001092e-06, 1.5990739835e+00, 3.2628392943e+00, 3.3643826212e+00, 4.9738658214e+00, 2.4521303273e+00, 3.2962865556e+00, 2.9807387209e+00, 4.0587214874e+00, 9.8054797339e+00, 3.7241491197e+00, 1.6891965439e+00, 2.9789825485e+00, 3.1005436259e+00, 6.7485147934e+00, 3.3185581449e+00, 2.7175770892e+00, 2.8012562558e+00, 1.7298174382e+00, 3.3729095521e+00, 2.6189862716e+00, 6.9192003967e-05, 2.5717630521e+00, 1.4404688989e+00, 3.2813031179e+00, 1.1636938597e+00, 2.0056040183e+00, 4.2156522059e+00, 3.2104875893e+00, 2.6840428422e+00, 1.6143392549e+00, 2.5866054460e-01, 1.9050573966e+00],
    "total_time": 3.14159,
    "time_steps": 20,
    "initial_state": [0, 1],
    "target_state": [98, 99]
}
