{
    "cnt_site": 100,
    "cnt_bond": 180,
    "cnt_excitation": 2,
    "bonds": [[0, 1], [1, 2], [2, 3], [3, 4], [4, 5], [5, 6], [6, 7], [7, 8], [8, 9], [10, 11], [11, 12], [12, 13], [13, 14], [14, 15], [15, 16], [16, 17], [17, 18], [18, 19], [20, 21], [21, 22], [22, 23], [23, 24], [24, 25], [25, 26], [26, 27], [27, 28], [28, 29], [30, 31], [31, 32], [32, 33], [33, 34], [34, 35], [35, 36], [36, 37], [37, 38], [38, 39], [40, 41], [41, 42], [42, 43], [43, 44], [44, 45], [45, 46], [46, 47], [47, 48], [48, 49], [50, 51], [51, 52], [52, 53], [53, 54], [54, 55], [55, 56], [56, 57], [57, 58], [58, 59], [60, 61], [61, 62], [62, 63], [63, 64], [64, 65], [65, 66], [66, 67], [67, 68], [68, 69], [70, 71], [71, 72], [72, 73], [73, 74], [74, 75], [75, 76], [76, 77], [77, 78], [78, 79], [80, 81], [81, 82], [82, 83], [83, 84], [84, 85], [85, 86], [86, 87], [87, 88], [88, 89], [90, 91], [91, 92], [92, 93], [93, 94], [94, 95], [95, 96], [96, 97], [97, 98], [98, 99], [0, 10], [1, 11], [2, 12], [3, 13], [4, 14], [5, 15], [6, 16], [7, 17], [8, 18], [9, 19], [10, 20], [11, 21], [12, 22], [13, 23], [14, 24], [15, 25], [16, 26], [17, 27], [18, 28], [19, 29], [20, 30], [21, 31], [22, 32], [23, 33], [24, 34], [25, 35], [26, 36], [27, 37], [28, 38], [29, 39], [30, 40], [31, 41], [32, 42], [33, 43], [34, 44], [35, 45], [36, 46], [37, 47], [38, 48], [39, 49], [40, 50], [41, 51], [42, 52], [43, 53], [44, 54], [45, 55], [46, 56], [47, 57], [48, 58], [49, 59], [50, 60], [51, 61], [52, 62], [53, 63], [54, 64], [55, 65], [56, 66], [57, 67], [58, 68], [59, 69], [60, 70], [61, 71], [62, 72], [63, 73], [64, 74], [65, 75], [66, 76], [67, 77], [68, 78], [69, 79], [70, 80], [71, 81], [72, 82], [73, 83], [74, 84], [75, 85], [76, 86], [77, 87], [78, 88], [79, 89], [80, 90], [81, 91], [82, 92], [83, 93], [84, 94], [85, 95], [86, 96], [87, 97], [88, 98], [89, 99]],
    "coupling_strength": [1.000000, 2.066257, -0.000000, 0.009163, 0.795957, 3.045455, 4.203591, -1.687198, 6.913195, 4.647308, -0.823469, 3.483222, 0.000000, 0.193946, 4.238057, 3.773193, 4.839610, 1.915144, -0.000000, 2.321819, -0.482553, -0.000000, -0.199496, 1.135588, 0.524710, 4.067058, 6.653655, -0.000001, 5.055034, -0.455170, 3.856001, 4.033410, 4.188464, 4.238642, 4.184580, -0.000000, 0.028544, 0.000080, 3.547021, 3.539213, 3.543034, 1.003105, 0.006498, -0.552828, 3.499533, 1.981458, 0.000004, -0.641605, -4.514055, -1.900844, 1.763076, -0.146818, 0.328841, 2.070788, 6.753224, -0.000252, 5.375306, 1.504132, -0.765438, 1.627043, 3.242102, 4.835031, -0.194892, 3.660245, -1.314338, 0.000310, 2.012354, 3.674660, 6.292671, 3.527439, 4.543495, -0.805440, -0.076731, 1.561075, 0.000363, 7.623483, 5.887501, 1.431176, -0.923270, 1.922544, -0.878892, 0.123831, 0.000121, 9.214655, 8.079572, -1.240828, 1.992486, 2.147241, -0.651128, 1.000000, 4.324115, -0.261464, 2.914861, 0.000000, 2.179097, 5.482767, 0.961696, 2.979973, -1.645163, 4.998716, -0.000000, 5.053759, -0.443750, 3.709145, 1.324171, 2.109800, 3.916924, 2.451033, 3.796725, 0.965731, 4.715619, 4.748312, 2.425412, 3.766418, 0.000000, -0.000000, -0.000000, 0.000000, 0.000000, 1.499327, -0.246683, -0.000058, 5.607650, -0.024580, 0.118861, 0.024964, -0.078254, -0.613703, 4.165566, 0.000001, 0.188509, -2.958089, 4.666527, 2.353539, -0.272532, 3.601795, 1.912508, -1.224539, 2.161805, 3.331869, 0.637308, -0.539566, 6.803087, 2.648442, -0.907019, 0.815756, 2.260078, -0.157227, -0.008811, 3.680763, 5.591075, 3.846756, -0.000334, 5.749530, 4.888455, -4.365352, 4.415094, 1.709580, 3.484108, 3.393692, 0.023909, 5.006759, 5.991305, 5.711906, -2.437370, -3.852217, 3.642387, -0.472805, 4.283866, 2.971324, 6.145067, 3.014650, -0.000189, 1.267617, -2.030123, 2.647780, 0.431996, 1.151199, 4.404127, 2.046230],
    "total_time": 3.14159,
    "time_steps": 20,
    "initial_state": [0, 1],
    "target_state": [98, 99],
    "fixed_couplings": [[0, 1], [98, 99]],
    "fixed_coupling_strength": [1.0, 1.0],
    "cnt_stream": 8,
    "process_per_stream": 1,
    "total_iteration": 10000,
    "rng_seed": 3141592653
}
