{
    "cnt_site": 100,
    "cnt_bond": 180,
    "cnt_excitation": 1,
    "bonds": [[0, 1], [1, 2], [2, 3], [3, 4], [4, 5], [5, 6], [6, 7], [7, 8], [8, 9], [10, 11], [11, 12], [12, 13], [13, 14], [14, 15], [15, 16], [16, 17], [17, 18], [18, 19], [20, 21], [21, 22], [22, 23], [23, 24], [24, 25], [25, 26], [26, 27], [27, 28], [28, 29], [30, 31], [31, 32], [32, 33], [33, 34], [34, 35], [35, 36], [36, 37], [37, 38], [38, 39], [40, 41], [41, 42], [42, 43], [43, 44], [44, 45], [45, 46], [46, 47], [47, 48], [48, 49], [50, 51], [51, 52], [52, 53], [53, 54], [54, 55], [55, 56], [56, 57], [57, 58], [58, 59], [60, 61], [61, 62], [62, 63], [63, 64], [64, 65], [65, 66], [66, 67], [67, 68], [68, 69], [70, 71], [71, 72], [72, 73], [73, 74], [74, 75], [75, 76], [76, 77], [77, 78], [78, 79], [80, 81], [81, 82], [82, 83], [83, 84], [84, 85], [85, 86], [86, 87], [87, 88], [88, 89], [90, 91], [91, 92], [92, 93], [93, 94], [94, 95], [95, 96], [96, 97], [97, 98], [98, 99], [0, 10], [1, 11], [2, 12], [3, 13], [4, 14], [5, 15], [6, 16], [7, 17], [8, 18], [9, 19], [10, 20], [11, 21], [12, 22], [13, 23], [14, 24], [15, 25], [16, 26], [17, 27], [18, 28], [19, 29], [20, 30], [21, 31], [22, 32], [23, 33], [24, 34], [25, 35], [26, 36], [27, 37], [28, 38], [29, 39], [30, 40], [31, 41], [32, 42], [33, 43], [34, 44], [35, 45], [36, 46], [37, 47], [38, 48], [39, 49], [40, 50], [41, 51], [42, 52], [43, 53], [44, 54], [45, 55], [46, 56], [47, 57], [48, 58], [49, 59], [50, 60], [51, 61], [52, 62], [53, 63], [54, 64], [55, 65], [56, 66], [57, 67], [58, 68], [59, 69], [60, 70], [61, 71], [62, 72], [63, 73], [64, 74], [65, 75], [66, 76], [67, 77], [68, 78], [69, 79], [70, 80], [71, 81], [72, 82], [73, 83], [74, 84], [75, 85], [76, 86], [77, 87], [78, 88], [79, 89], [80, 90], [81, 91], [82, 92], [83, 93], [84, 94], [85, 95], [86, 96], [87, 97], [88, 98], [89, 99]],
    "coupling_strength": [2.956966, 1.466534, 3.449874, 2.561874, 2.993996, 3.466052, 0.905652, 2.588386, -0.534527, 1.979760, 2.496720, 1.919577, 1.870827, 2.885594, 1.945992, 3.846644, 2.664141, 4.521651, 1.791810, 2.171938, 3.844522, 3.414459, 2.261435, 1.472085, 3.758152, -0.972659, 3.675995, 3.167696, 3.233897, 2.728698, 5.318456, 5.334919, 3.904242, 4.339717, 4.151911, 1.170767, 3.226304, 5.212280, 3.413156, 4.183233, 3.104260, 3.577257, 4.366166, 1.646895, 0.437561, 0.096518, 4.091512, 2.221522, -0.304293, 2.844202, 2.003210, 2.890320, 3.119313, 1.310165, -0.118512, 2.766280, 1.514284, 3.036011, 2.690550, 0.881045, 0.647620, 0.925127, 1.745118, 0.229539, 0.912202, 1.563292, 1.085698, 3.744621, 1.843361, 3.371901, 1.499795, 0.863404, 0.858084, 0.148856, 3.581382, 2.471996, 2.863823, 4.112711, 1.765567, 1.695116, 2.701345, 2.407058, 0.424459, 2.563672, 3.957981, 1.857127, 1.806731, 3.941450, 1.705196, 3.155759, 1.909666, 1.817024, 1.312611, 1.270481, 2.502334, -0.531016, 5.218136, 0.523475, 1.268993, -0.016056, 1.698255, 2.747900, 2.733567, 2.142720, 1.970948, 4.441983, 4.649426, 5.507448, 5.725140, 5.443395, 1.673216, 2.111685, 1.729001, 3.601005, 3.547900, 3.009261, 2.126164, 1.141185, 1.757223, 3.792221, 1.439529, 5.500670, 2.907937, 3.517613, 2.537468, 3.813860, 0.777996, 1.183221, 3.258260, 1.730528, 0.126918, 9.322832, 0.013555, 3.727994, 2.491158, 2.801400, 1.863555, 2.358359, 3.468403, 0.575734, 5.178540, 3.521966, 1.401471, 5.049681, 1.324327, 2.096510, 3.309287, 2.084949, 3.704936, 0.772445, 6.247526, 1.063928, 2.305881, 2.941167, 3.630655, 1.526567, 2.518420, 2.564752, 3.933503, 1.198602, 0.327862, 2.413511, 2.209333, 2.545795, 2.032647, 2.812761, 0.741353, 0.967495, 3.406646, 1.705536, 5.483890, -0.985586, 0.628391, 1.260771, 0.289776, 1.349240, 2.919480, 0.571636, 1.445384, 1.559185],
    "total_time": 3.14159,
    "time_steps": 20,
    "initial_state": [0],
    "target_state": [99],
    "cnt_stream": 8,
    "process_per_stream": 1,
    "total_iteration": 10000,
    "rng_seed": 3141592653
}
