{
    "cnt_site": 9,
    "cnt_bond": 12,
    "cnt_excitation": 2,
    "bonds": [
        [0, 1], [1, 2],
        [3, 4], [4, 5],
        [6, 7], [7, 8],
        [0, 3], [1, 4],
        [2, 5], [3, 6],
        [4, 7], [5, 8]
    ],
    "coupling_strength": [1.001267877125855, 4.931902057273726, 2.991542839452536, 0.9728520563470686, 3.2441273770237737, 0.35117783611411424, 1.7773487743933332, 1.8137698324433162, 3.9668927939226197, 3.636959667651027, 3.242069525063057, 1.3424083810883571],
    "total_time": 3.14159,
    "time_steps": 20,
    "initial_state": [0, 1],
    "target_state": [7, 8]
}
