{
    "cnt_site": 9,
    "cnt_bond": 12,
    "cnt_excitation": 1,
    "bonds": [
        [0, 1], [1, 2],
        [3, 4], [4, 5],
        [6, 7], [7, 8],
        [0, 3], [1, 4],
        [2, 5], [3, 6],
        [4, 7], [5, 8]
    ],
    "coupling_strength": [6.4476650829e-01, 4.9246385739e+00, 2.4675988762e+00, -8.6703783627e-02, 3.1895491296e+00, 3.3586834661e-01, 9.0041694078e-01, 2.1139467006e+00, 5.6890109473e+00, 4.4529031694e+00, 4.2852570158e+00, 1.0552852614e+00],
    "total_time": 3.14159,
    "time_steps": 20,
    "initial_state": [0],
    "target_state": [8],
    "cnt_stream": 8,
    "process_per_stream": 1,
    "total_iteration": 10000,
    "rng_seed": 3141592653
}
