{
    "cnt_site": 9,
    "cnt_bond": 12,
    "cnt_excitation": 2,
    "bonds": [
        [0, 1], [1, 2],
        [3, 4], [4, 5],
        [6, 7], [7, 8],
        [0, 3], [1, 4],
        [2, 5], [3, 6],
        [4, 7], [5, 8]
    ],
    "coupling_strength": [-1.1832668705e-40, 1.9365271479e+00, 3.2332386243e+00, 2.0803138479e-40, 2.3818106537e+00, -8.9887999893e-41, 3.1225016367e+00, -4.6854813656e-42, 7.0000059123e+00, 3.8139494270e+00, 2.0191568737e+00, 1.9364578576e+00],
    "total_time": 3.14159,
    "time_steps": 20,
    "initial_state": [0, 1],
    "target_state": [7, 8],
    "cnt_stream": 8,
    "process_per_stream": 1,
    "total_iteration": 10000,
    "rng_seed": 3141592653
}
