{
    "cnt_site": 16,
    "cnt_bond": 24,
    "cnt_excitation": 2,
    "bonds": [
        [0, 1], [1, 2], [2, 3],
        [4, 5], [5, 6], [6, 7],
        [8, 9], [9, 10], [10, 11],
        [12, 13], [13, 14], [14, 15],
        [0, 4], [4, 8], [8, 12],
        [1, 5], [5, 9], [9, 13],
        [2, 6], [6, 10], [10, 14],
        [3, 7], [7, 11], [11, 15]
    ],
    "coupling_strength": [1.000000, 2.087643, 3.246928, 0.000006, -0.385720, 0.000021, -0.000004, 3.168166, 0.000005, 2.227349, 1.971257, 1.000000, 1.971257, 2.227349, 4.458433, -0.000010, 3.498875, 0.000059, 0.000036, 0.770746, 0.000004, 1.458431, 3.246928, 2.087643],
    "total_time": 3.14159,
    "time_steps": 20,
    "initial_state": [0, 1],
    "target_state": [14, 15],
    "fixed_couplings": [[0, 1], [14, 15]],
    "fixed_coupling_strength": [1.0, 1.0]
}
