{
    "cnt_site": 16,
    "cnt_bond": 24,
    "cnt_excitation": 2,
    "bonds": [
        [0, 1], [1, 2], [2, 3],
        [4, 5], [5, 6], [6, 7],
        [8, 9], [9, 10], [10, 11],
        [12, 13], [13, 14], [14, 15],
        [0, 4], [4, 8], [8, 12],
        [1, 5], [5, 9], [9, 13],
        [2, 6], [6, 10], [10, 14],
        [3, 7], [7, 11], [11, 15]
    ],
    "coupling_strength": [4.417997, -0.016282, -0.000005, 8.010191, 0.092964, 7.457341, 0.216711, 8.032183, 0.001863, 7.551797, -0.014915, 4.418064, 1.621096, 0.080118, 5.741959, 0.000055, 9.997488, 0.070339, 0.954458, 0.042278, 1.623056, -0.000036, -4.540956, 0.016007],
    "total_time": 3.14159265,
    "time_steps": 20,
    "initial_state": [0, 1],
    "target_state": [14, 15]
}
