{
    "cnt_site": 16,
    "cnt_bond": 24,
    "cnt_excitation": 3,
    "bonds": [
        [0, 1], [1, 2], [2, 3],
        [4, 5], [5, 6], [6, 7],
        [8, 9], [9, 10], [10, 11],
        [12, 13], [13, 14], [14, 15],
        [0, 4], [4, 8], [8, 12],
        [1, 5], [5, 9], [9, 13],
        [2, 6], [6, 10], [10, 14],
        [3, 7], [7, 11], [11, 15]
    ],
    "coupling_strength": [3.124708541966817, 1.2486636675221108, 2.604624912632425, 2.119307360777945, 3.09031624879354, 2.302541622993103, 4.79899024774868, 2.6379426443526848, 5.290815865092858, 0.5016940692761338, 2.1400598723313493, 4.120583261485271, 1.5150313426913118, 0.7645317696243987, 1.9716401207172356, 5.173068651022085, 1.7536378057447541, 5.984107124143523, 0.9434580985900278, 2.5134714316528393, 3.4418858747900662, 3.2262323384158167, 2.0154978780426687, 1.507248652101351],
    "total_time": 3.14159,
    "time_steps": 20,
    "initial_state": [0, 1, 2],
    "target_state": [13, 14, 15],
    "cnt_stream": 8,
    "process_per_stream": 1,
    "total_iteration": 10000,
    "rng_seed": 3141592653
}
