{
    "cnt_site": 16,
    "cnt_bond": 24,
    "cnt_excitation": 1,
    "bonds": [
        [0, 1], [1, 2], [2, 3],
        [4, 5], [5, 6], [6, 7],
        [8, 9], [9, 10], [10, 11],
        [12, 13], [13, 14], [14, 15],
        [0, 4], [4, 8], [8, 12],
        [1, 5], [5, 9], [9, 13],
        [2, 6], [6, 10], [10, 14],
        [3, 7], [7, 11], [11, 15]
    ],
    "coupling_strength": [2.2859084376001793, 5.3929160439423685, 2.306600944928456, 2.8853067711252907, 0.7384113179036951, 1.1024696335585, -0.752722759251347, 3.412057417935653, 2.5143670169569665, 1.7220474038821956, 1.5439950497678905, 0.5108025764230648, 5.017002797521306, -2.3999224351072908, 1.9183527652692858, 4.222731029907402, 0.9554394372392512, -1.4098433351171984, 4.575353008342631, 0.7933074547978749, 2.9914710253487873, 2.719743513288676, 1.4095730579398353, 1.20024380207699],
    "total_time": 3.14159,
    "time_steps": 20,
    "initial_state": [0],
    "target_state": [15]
}
