{
    "cnt_site": 16,
    "cnt_bond": 24,
    "cnt_excitation": 3,
    "bonds": [
        [0, 1], [1, 2], [2, 3],
        [4, 5], [5, 6], [6, 7],
        [8, 9], [9, 10], [10, 11],
        [12, 13], [13, 14], [14, 15],
        [0, 4], [4, 8], [8, 12],
        [1, 5], [5, 9], [9, 13],
        [2, 6], [6, 10], [10, 14],
        [3, 7], [7, 11], [11, 15]
    ],
    "coupling_strength": [-0.000001, 0.375417, 0.807430, 0.000002, 1.035485, -0.122609, -0.000021, 0.433394, -1.006002, -1.732052, 1.581140, 1.224746, 1.224746, -1.581140, 1.732052, 0.939856, 0.464391, 0.000021, 0.489243, 1.132416, 0.000001, 2.885054, 0.110577, 0.000000],
    "total_time": 3.14159,
    "time_steps": 20,
    "initial_state": [0, 1, 4],
    "target_state": [11, 14, 15]
}
