{
    "cnt_site": 16,
    "cnt_bond": 24,
    "cnt_excitation": 2,
    "bonds": [
        [0, 1], [1, 2], [2, 3],
        [4, 5], [5, 6], [6, 7],
        [8, 9], [9, 10], [10, 11],
        [12, 13], [13, 14], [14, 15],
        [0, 4], [4, 8], [8, 12],
        [1, 5], [5, 9], [9, 13],
        [2, 6], [6, 10], [10, 14],
        [3, 7], [7, 11], [11, 15]
    ],
    "coupling_strength": [5.6831918854e-08, 2.1213157675e+00, -1.1153077536e+00, 1.6085569605e+00, 9.3880936861e-06, 6.5635008875e-13, -7.7554885522e+00, -5.6844851150e-07, 4.8047720573e+00, -2.6832873490e-01, 1.0682969999e+00, -2.3780129494e-07, 1.0683100978e+00, -1.0114831594e+00, 6.5053649159e+00, 2.7250659316e-06, 2.6517398175e+00, -1.8804093074e+00, 5.7944378283e+00, 4.2638826695e+00, -1.1439673295e-06, 4.2638826695e+00, -3.4254323244e+00, 2.1213157675e+00],
    "total_time": 3.14159,
    "time_steps": 20,
    "initial_state": [0, 1],
    "target_state": [14, 15]
}
