{
    "cnt_site": 16,
    "cnt_bond": 24,
    "cnt_excitation": 1,
    "bonds": [
        [0, 1], [1, 2], [2, 3],
        [4, 5], [5, 6], [6, 7],
        [8, 9], [9, 10], [10, 11],
        [12, 13], [13, 14], [14, 15],
        [0, 4], [4, 8], [8, 12],
        [1, 5], [5, 9], [9, 13],
        [2, 6], [6, 10], [10, 14],
        [3, 7], [7, 11], [11, 15]
    ],
    "coupling_strength": [-1.4293880362e-01, 4.9863681075e+00, 3.3532379423e+00, 4.3156506382e+00, 9.8973447449e-01, 2.0137446511e+00, 8.6140263558e-01, 2.9389259885e+00, 3.2163696863e+00, 1.4408954056e+00, 8.5183735207e-01, 1.0304713019e+00, 1.6938275799e+00, -3.8280765608e+00, 3.3153603282e+00, 4.4336237633e+00, 3.6126064682e-01, -9.0903388740e-01, 6.3172062429e+00, 2.1622995576e+00, 4.4591711542e+00, 1.7115973888e+00, 1.8676889911e+00, 1.3519043376e+00],
    "total_time": 3.14159,
    "time_steps": 20,
    "initial_state": [0],
    "target_state": [15]
}
