{
    "cnt_site": 16,
    "cnt_bond": 24,
    "cnt_excitation": 1,
    "bonds": [
        [0, 1], [1, 2], [2, 3],
        [4, 5], [5, 6], [6, 7],
        [8, 9], [9, 10], [10, 11],
        [12, 13], [13, 14], [14, 15],
        [0, 4], [4, 8], [8, 12],
        [1, 5], [5, 9], [9, 13],
        [2, 6], [6, 10], [10, 14],
        [3, 7], [7, 11], [11, 15]
    ],
    "coupling_strength": [2.744296, 1.486012, 0.010478, 3.966197, 0.026129, 1.299778, 1.726446, 1.386073, 3.307234, 2.810927, 2.778124, 3.585598, 2.320697, 2.043146, 1.656533, 1.624179, 2.995523, 1.672955, 0.104073, 1.846693, 2.831169, -0.013683, 2.294375, 0.339343],
    "total_time": 3.14159,
    "time_steps": 20,
    "initial_state": [0],
    "target_state": [15]
}
