{
    "cnt_site": 16,
    "cnt_bond": 42,
    "cnt_excitation": 2,
    "bonds": [[0, 1], [1, 2], [2, 3], [4, 5], [5, 6], [6, 7], [8, 9], [9, 10], [10, 11], [12, 13], [13, 14], [14, 15], [0, 4], [1, 5], [2, 6], [3, 7], [4, 8], [5, 9], [6, 10], [7, 11], [8, 12], [9, 13], [10, 14], [11, 15], [0, 5], [1, 4], [1, 6], [2, 5], [2, 7], [3, 6], [4, 9], [5, 8], [5, 10], [6, 9], [6, 11], [7, 10], [8, 13], [9, 12], [9, 14], [10, 13], [10, 15], [11, 14]],
    "coupling_strength": [3.3672630634, -0.032023252655, 11.173208515, 33.849939129, 36.884449552, -0.011185341686, 7.1751177673, 14.236736731, -9.599060681, 6.8675219965, -1.4440367082, 3.3847215087, 2.2568528139, -0.25520645604, -0.99504034915, 2.2532275473, 22.409271929, -0.30826442693, 1.668649848, 18.103892312, 27.813723604, 0.016536117121, 0.19456378646, -0.069696710041, 0.5, 0.5, 0.5, 0.5, 0.5, 0.5, 0.5, 0.5, 0.5, 0.5, 0.5, 0.5, 0.5, 0.5, 0.5, 0.5, 0.5, 0.5],
    "total_time": 3.141592653589793,
    "time_steps": 50,
    "initial_state": [0, 1],
    "target_state": [14, 15],
    "fixed_couplings": [[0, 5], [1, 4], [1, 6], [2, 5], [2, 7], [3, 6], [4, 9], [5, 8], [5, 10], [6, 9], [6, 11], [7, 10], [8, 13], [9, 12], [9, 14], [10, 13], [10, 15], [11, 14]],
    "fixed_coupling_strength": [0.5, 0.5, 0.5, 0.5, 0.5, 0.5, 0.5, 0.5, 0.5, 0.5, 0.5, 0.5, 0.5, 0.5, 0.5, 0.5, 0.5, 0.5],
    "cnt_stream": 8,
    "process_per_stream": 1,
    "total_iteration": 10000,
    "rng_seed": 3141592653
}
