{
    "cnt_site": 36,
    "cnt_bond": 110,
    "cnt_excitation": 3,
    "bonds": [[0, 1], [1, 2], [2, 3], [3, 4], [4, 5], [6, 7], [7, 8], [8, 9], [9, 10], [10, 11], [12, 13], [13, 14], [14, 15], [15, 16], [16, 17], [18, 19], [19, 20], [20, 21], [21, 22], [22, 23], [24, 25], [25, 26], [26, 27], [27, 28], [28, 29], [30, 31], [31, 32], [32, 33], [33, 34], [34, 35], [0, 6], [1, 7], [2, 8], [3, 9], [4, 10], [5, 11], [6, 12], [7, 13], [8, 14], [9, 15], [10, 16], [11, 17], [12, 18], [13, 19], [14, 20], [15, 21], [16, 22], [17, 23], [18, 24], [19, 25], [20, 26], [21, 27], [22, 28], [23, 29], [24, 30], [25, 31], [26, 32], [27, 33], [28, 34], [29, 35], [0, 7], [1, 6], [1, 8], [2, 7], [2, 9], [3, 8], [3, 10], [4, 9], [4, 11], [5, 10], [6, 13], [7, 12], [7, 14], [8, 13], [8, 15], [9, 14], [9, 16], [10, 15], [10, 17], [11, 16], [12, 19], [13, 18], [13, 20], [14, 19], [14, 21], [15, 20], [15, 22], [16, 21], [16, 23], [17, 22], [18, 25], [19, 24], [19, 26], [20, 25], [20, 27], [21, 26], [21, 28], [22, 27], [22, 29], [23, 28], [24, 31], [25, 30], [25, 32], [26, 31], [26, 33], [27, 32], [27, 34], [28, 33], [28, 35], [29, 34]],
    "coupling_strength": [1.3371913175, 1.7357352733, 1.9317984582, -2.6950483094, 1.9718019064, 23.946948422, 8.4543187064, -17.552907001, -2.2261010315, 0.42636347728, -0.54479083996, 2.054173647, 14.072525229, 1.4350682914, 7.0616837887, -1.0635205365, 2.7786281679, 9.4243904008, 1.2727624859, 17.276581244, -27.407027303, 33.804286912, -0.072692851954, 21.497328262, 19.496458775, -6.9202696328, 1.3390845011, 14.958463033, -0.04354764182, 1.3342213417, 0.28676039907, 0.27289189879, 0.031548295542, -0.14840643604, -17.796251016, -15.65498933, -0.17920023796, 1.443945018, 14.289336546, 1.2828096876, 22.115029315, 1.7952145874, 2.4866164951, 8.4375260597, -4.9643712916, 5.3398492987, 7.5057297143, 17.166305552, 3.7901245581, -9.5261019179, -1.9886877643, -0.62990289646, -0.10117138027, 10.629653039, 13.66243664, 22.520778577, 7.9007622477, -0.47358696462, -0.1265128187, 2.472376469, 0.5, 0.5, 0.5, 0.5, 0.5, 0.5, 0.5, 0.5, 0.5, 0.5, 0.5, 0.5, 0.5, 0.5, 0.5, 0.5, 0.5, 0.5, 0.5, 0.5, 0.5, 0.5, 0.5, 0.5, 0.5, 0.5, 0.5, 0.5, 0.5, 0.5, 0.5, 0.5, 0.5, 0.5, 0.5, 0.5, 0.5, 0.5, 0.5, 0.5, 0.5, 0.5, 0.5, 0.5, 0.5, 0.5, 0.5, 0.5, 0.5, 0.5],
    "total_time": 3.141592653589793,
    "time_steps": 50,
    "initial_state": [0, 1, 6],
    "target_state": [29, 34, 35],
    "fixed_couplings": [[0, 7], [1, 6], [1, 8], [2, 7], [2, 9], [3, 8], [3, 10], [4, 9], [4, 11], [5, 10], [6, 13], [7, 12], [7, 14], [8, 13], [8, 15], [9, 14], [9, 16], [10, 15], [10, 17], [11, 16], [12, 19], [13, 18], [13, 20], [14, 19], [14, 21], [15, 20], [15, 22], [16, 21], [16, 23], [17, 22], [18, 25], [19, 24], [19, 26], [20, 25], [20, 27], [21, 26], [21, 28], [22, 27], [22, 29], [23, 28], [24, 31], [25, 30], [25, 32], [26, 31], [26, 33], [27, 32], [27, 34], [28, 33], [28, 35], [29, 34]],
    "fixed_coupling_strength": [0.5, 0.5, 0.5, 0.5, 0.5, 0.5, 0.5, 0.5, 0.5, 0.5, 0.5, 0.5, 0.5, 0.5, 0.5, 0.5, 0.5, 0.5, 0.5, 0.5, 0.5, 0.5, 0.5, 0.5, 0.5, 0.5, 0.5, 0.5, 0.5, 0.5, 0.5, 0.5, 0.5, 0.5, 0.5, 0.5, 0.5, 0.5, 0.5, 0.5, 0.5, 0.5, 0.5, 0.5, 0.5, 0.5, 0.5, 0.5, 0.5, 0.5],
    "cnt_stream": 8,
    "process_per_stream": 1,
    "total_iteration": 10000,
    "rng_seed": 3141592653
}
